0,Ht.no,Subcode,Subname,Grade,Credits
1,01,s1,s1,B,3
2,01,s2,s2,C,3
3,01,s3,s3,C,3
4,01,s4,s4,D,3
5,01,s5,s5,C,3
6,01,s6,s6,C,3
7,01,s3,s3 Lab,A,2
8,01,s1,s1 Lab,B,2
9,01,iv,iv,B,2
10,03,s1,s1,D,3
11,03,s2,s2,C,3
12,03,s3,s3,C,3
13,03,s4,s4,D,3
14,03,s5,s5,C,3
15,03,s6,s6,C,3
16,03,s3,s3 Lab,B,2
17,03,s1,s1 Lab,A,2
18,03,iv,iv,A,2
19,04,s1,s1,A,3
20,04,s2,s2,B,3
21,04,s3,s3,B,3
22,04,s4,s4,B,3
23,04,s5,s5,B,3
24,04,s6,s6,B,3
25,04,s3,s3 Lab,B,2
26,04,s1,s1 Lab,A,2
27,04,iv,iv,A,2
28,05,s1,s1,O,3
29,05,s2,s2,A,3
30,05,s3,s3,B,3
31,05,s4,s4,A,3
32,05,s5,s5,A,3
33,05,s6,s6,A,3
34,05,s3,s3 Lab,A,2
35,05,s1,s1 Lab,O,2
36,05,iv,iv,O,2
37,06,s1,s1,B,3
38,06,s2,s2,B,3
39,06,s3,s3,B,3
40,06,s4,s4,D,3
41,06,s5,s5,B,3
42,06,s6,s6,C,3
43,06,s3,s3 Lab,A,2
44,06,s1,s1 Lab,O,2
45,06,iv,iv,A,2
46,07,s1,s1,D,3
47,07,s2,s2,D,3
48,07,s3,s3,D,3
49,07,s4,s4,F,0
50,07,s5,s5,D,3
51,07,s6,s6,D,3
52,07,s3,s3 Lab,C,2
53,07,s1,s1 Lab,C,2
54,07,iv,iv,B,2
55,08,s1,s1,A,3
56,08,s2,s2,C,3
57,08,s3,s3,B,3
58,08,s4,s4,B,3
59,08,s5,s5,A,3
60,08,s6,s6,A,3
61,08,s3,s3 Lab,A,2
62,08,s1,s1 Lab,O,2
63,08,iv,iv,O,2
64,09,s1,s1,A,3
65,09,s2,s2,B,3
66,09,s3,s3,B,3
67,09,s4,s4,A,3
68,09,s5,s5,B,3
69,09,s6,s6,B,3
70,09,s3,s3 Lab,A,2
71,09,s1,s1 Lab,A,2
72,09,iv,iv,O,2
73,10,s1,s1,A,3
74,10,s2,s2,C,3
75,10,s3,s3,B,3
76,10,s4,s4,B,3
77,10,s5,s5,C,3
78,10,s6,s6,B,3
79,10,s3,s3 Lab,B,2
80,10,s1,s1 Lab,O,2
81,10,iv,iv,O,2
82,11,s1,s1,A,3
83,11,s2,s2,D,3
84,11,s3,s3,B,3
85,11,s4,s4,B,3
86,11,s5,s5,B,3
87,11,s6,s6,A,3
88,11,s3,s3 Lab,A,2
89,11,s1,s1 Lab,O,2
90,11,iv,iv,O,2
91,12,s1,s1,A,3
92,12,s2,s2,C,3
93,12,s3,s3,B,3
94,12,s4,s4,C,3
95,12,s5,s5,A,3
96,12,s6,s6,B,3
97,12,s3,s3 Lab,A,2
98,12,s1,s1 Lab,A,2
99,12,iv,iv,O,2
100,13,s1,s1,C,3
101,13,s2,s2,C,3
102,13,s3,s3,C,3
103,13,s4,s4,D,3
104,13,s5,s5,A,3
105,13,s6,s6,B,3
106,13,s3,s3 Lab,B,2
107,13,s1,s1 Lab,A,2
108,13,iv,iv,O,2
109,14,s1,s1,A,3
110,14,s2,s2,B,3
111,14,s3,s3,B,3
112,14,s4,s4,C,3
113,14,s5,s5,O,3
114,14,s6,s6,B,3
115,14,s3,s3 Lab,A,2
116,14,s1,s1 Lab,O,2
117,14,iv,iv,O,2
118,17,s1,s1,B,3
119,17,s2,s2,C,3
120,17,s3,s3,B,3
121,17,s4,s4,C,3
122,17,s5,s5,B,3
123,17,s6,s6,B,3
124,17,s3,s3 Lab,A,2
125,17,s1,s1 Lab,O,2
126,17,iv,iv,O,2
127,22,s1,s1,B,3
128,22,s2,s2,F,0
129,22,s3,s3,C,3
130,22,s4,s4,D,3
131,22,s5,s5,A,3
132,22,s6,s6,C,3
133,22,s3,s3 Lab,A,2
134,22,s1,s1 Lab,B,2
135,22,iv,iv,O,2
136,26,s1,s1,A,3
137,26,s2,s2,B,3
138,26,s3,s3,B,3
139,26,s4,s4,B,3
140,26,s5,s5,A,3
141,26,s6,s6,B,3
142,26,s3,s3 Lab,A,2
143,26,s1,s1 Lab,O,2
144,26,iv,iv,A,2
145,28,s1,s1,A,3
146,28,s2,s2,C,3
147,28,s3,s3,B,3
148,28,s4,s4,B,3
149,28,s5,s5,A,3
150,28,s6,s6,B,3
151,28,s3,s3 Lab,B,2
152,28,s1,s1 Lab,O,2
153,28,iv,iv,O,2
154,30,s1,s1,B,3
155,30,s2,s2,C,3
156,30,s3,s3,D,3
157,30,s4,s4,D,3
158,30,s5,s5,C,3
159,30,s6,s6,C,3
160,30,s3,s3 Lab,B,2
161,30,s1,s1 Lab,B,2
162,30,iv,iv,O,2
163,32,s1,s1,B,3
164,32,s2,s2,C,3
165,32,s3,s3,D,3
166,32,s4,s4,D,3
167,32,s5,s5,D,3
168,32,s6,s6,D,3
169,32,s3,s3 Lab,B,2
170,32,s1,s1 Lab,A,2
171,32,iv,iv,B,2
172,33,s1,s1,B,3
173,33,s2,s2,C,3
174,33,s3,s3,B,3
175,33,s4,s4,B,3
176,33,s5,s5,A,3
177,33,s6,s6,B,3
178,33,s3,s3 Lab,B,2
179,33,s1,s1 Lab,O,2
180,33,iv,iv,O,2
181,35,s1,s1,B,3
182,35,s2,s2,C,3
183,35,s3,s3,C,3
184,35,s4,s4,C,3
185,35,s5,s5,B,3
186,35,s6,s6,B,3
187,35,s3,s3 Lab,B,2
188,35,s1,s1 Lab,A,2
189,35,iv,iv,O,2
190,37,s1,s1,C,3
191,37,s2,s2,C,3
192,37,s3,s3,B,3
193,37,s4,s4,C,3
194,37,s5,s5,A,3
195,37,s6,s6,B,3
196,37,s3,s3 Lab,B,2
197,37,s1,s1 Lab,O,2
198,37,iv,iv,O,2
199,38,s1,s1,C,3
200,38,s2,s2,C,3
201,38,s3,s3,C,3
202,38,s4,s4,D,3
203,38,s5,s5,B,3
204,38,s6,s6,B,3
205,38,s3,s3 Lab,B,2
206,38,s1,s1 Lab,A,2
207,38,iv,iv,O,2
208,39,s1,s1,D,3
209,39,s2,s2,F,0
210,39,s3,s3,F,0
211,39,s4,s4,F,0
212,39,s5,s5,C,3
213,39,s6,s6,F,0
214,39,s3,s3 Lab,B,2
215,39,s1,s1 Lab,A,2
216,39,iv,iv,O,2
217,40,s1,s1,O,3
218,40,s2,s2,C,3
219,40,s3,s3,B,3
220,40,s4,s4,B,3
221,40,s5,s5,O,3
222,40,s6,s6,A,3
223,40,s3,s3 Lab,A,2
224,40,s1,s1 Lab,O,2
225,40,iv,iv,O,2
226,41,s1,s1,A,3
227,41,s2,s2,D,3
228,41,s3,s3,B,3
229,41,s4,s4,C,3
230,41,s5,s5,A,3
231,41,s6,s6,A,3
232,41,s3,s3 Lab,B,2
233,41,s1,s1 Lab,O,2
234,41,iv,iv,O,2
235,43,s1,s1,D,3
236,43,s2,s2,F,0
237,43,s3,s3,F,0
238,43,s4,s4,F,0
239,43,s5,s5,D,3
240,43,s6,s6,D,3
241,43,s3,s3 Lab,C,2
242,43,s1,s1 Lab,B,2
243,43,iv,iv,A,2
244,44,s1,s1,B,3
245,44,s2,s2,D,3
246,44,s3,s3,C,3
247,44,s4,s4,D,3
248,44,s5,s5,C,3
249,44,s6,s6,B,3
250,44,s3,s3 Lab,A,2
251,44,s1,s1 Lab,O,2
252,44,iv,iv,O,2
253,46,s1,s1,D,3
254,46,s2,s2,D,3
255,46,s3,s3,D,3
256,46,s4,s4,D,3
257,46,s5,s5,C,3
258,46,s6,s6,D,3
259,46,s3,s3 Lab,C,2
260,46,s1,s1 Lab,B,2
261,46,iv,iv,A,2
262,49,s1,s1,C,3
263,49,s2,s2,D,3
264,49,s3,s3,D,3
265,49,s4,s4,D,3
266,49,s5,s5,B,3
267,49,s6,s6,D,3
268,49,s3,s3 Lab,B,2
269,49,s1,s1 Lab,O,2
270,49,iv,iv,O,2
271,53,s1,s1,C,3
272,53,s2,s2,D,3
273,53,s3,s3,D,3
274,53,s4,s4,D,3
275,53,s5,s5,B,3
276,53,s6,s6,D,3
277,53,s3,s3 Lab,C,2
278,53,s1,s1 Lab,A,2
279,53,iv,iv,B,2
280,54,s1,s1,B,3
281,54,s2,s2,C,3
282,54,s3,s3,C,3
283,54,s4,s4,D,3
284,54,s5,s5,A,3
285,54,s6,s6,B,3
286,54,s3,s3 Lab,A,2
287,54,s1,s1 Lab,B,2
288,54,iv,iv,O,2
289,55,s1,s1,C,3
290,55,s2,s2,C,3
291,55,s3,s3,C,3
292,55,s4,s4,D,3
293,55,s5,s5,B,3
294,55,s6,s6,C,3
295,55,s3,s3 Lab,C,2
296,55,s1,s1 Lab,A,2
297,55,iv,iv,C,2
298,57,s1,s1,B,3
299,57,s2,s2,C,3
300,57,s3,s3,C,3
301,57,s4,s4,B,3
302,57,s5,s5,A,3
303,57,s6,s6,C,3
304,57,s3,s3 Lab,C,2
305,57,s1,s1 Lab,O,2
306,57,iv,iv,B,2
307,61,s1,s1,D,3
308,61,s2,s2,D,3
309,61,s3,s3,D,3
310,61,s4,s4,D,3
311,61,s5,s5,B,3
312,61,s6,s6,C,3
313,61,s3,s3 Lab,B,2
314,61,s1,s1 Lab,O,2
315,61,iv,iv,O,2
316,62,s1,s1,B,3
317,62,s2,s2,C,3
318,62,s3,s3,C,3
319,62,s4,s4,B,3
320,62,s5,s5,A,3
321,62,s6,s6,B,3
322,62,s3,s3 Lab,A,2
323,62,s1,s1 Lab,A,2
324,62,iv,iv,O,2
325,64,s1,s1,B,3
326,64,s2,s2,B,3
327,64,s3,s3,C,3
328,64,s4,s4,B,3
329,64,s5,s5,B,3
330,64,s6,s6,C,3
331,64,s3,s3 Lab,B,2
332,64,s1,s1 Lab,O,2
333,64,iv,iv,O,2
334,66,s1,s1,O,3
335,66,s2,s2,B,3
336,66,s3,s3,A,3
337,66,s4,s4,A,3
338,66,s5,s5,A,3
339,66,s6,s6,A,3
340,66,s3,s3 Lab,A,2
341,66,s1,s1 Lab,O,2
342,66,iv,iv,O,2
343,68,s1,s1,B,3
344,68,s2,s2,C,3
345,68,s3,s3,B,3
346,68,s4,s4,C,3
347,68,s5,s5,B,3
348,68,s6,s6,D,3
349,68,s3,s3 Lab,B,2
350,68,s1,s1 Lab,O,2
351,68,iv,iv,O,2
352,72,s1,s1,A,3
353,72,s2,s2,B,3
354,72,s3,s3,B,3
355,72,s4,s4,A,3
356,72,s5,s5,B,3
357,72,s6,s6,B,3
358,72,s3,s3 Lab,B,2
359,72,s1,s1 Lab,A,2
360,72,iv,iv,O,2
361,73,s1,s1,O,3
362,73,s2,s2,B,3
363,73,s3,s3,A,3
364,73,s4,s4,O,3
365,73,s5,s5,O,3
366,73,s6,s6,A,3
367,73,s3,s3 Lab,A,2
368,73,s1,s1 Lab,O,2
369,73,iv,iv,O,2
370,74,s1,s1,A,3
371,74,s2,s2,D,3
372,74,s3,s3,B,3
373,74,s4,s4,C,3
374,74,s5,s5,D,3
375,74,s6,s6,C,3
376,74,s3,s3 Lab,B,2
377,74,s1,s1 Lab,B,2
378,74,iv,iv,A,2
379,76,s1,s1,O,3
380,76,s2,s2,C,3
381,76,s3,s3,O,3
382,76,s4,s4,B,3
383,76,s5,s5,A,3
384,76,s6,s6,A,3
385,76,s3,s3 Lab,A,2
386,76,s1,s1 Lab,O,2
387,76,iv,iv,O,2
388,81,s1,s1,B,3
389,81,s2,s2,D,3
390,81,s3,s3,C,3
391,81,s4,s4,C,3
392,81,s5,s5,C,3
393,81,s6,s6,C,3
394,81,s3,s3 Lab,B,2
395,81,s1,s1 Lab,A,2
396,81,iv,iv,O,2
397,83,s1,s1,A,3
398,83,s2,s2,C,3
399,83,s3,s3,A,3
400,83,s4,s4,A,3
401,83,s5,s5,O,3
402,83,s6,s6,B,3
403,83,s3,s3 Lab,O,2
404,83,s1,s1 Lab,O,2
405,83,iv,iv,O,2
406,85,s1,s1,C,3
407,85,s2,s2,D,3
408,85,s3,s3,B,3
409,85,s4,s4,C,3
410,85,s5,s5,C,3
411,85,s6,s6,C,3
412,85,s3,s3 Lab,B,2
413,85,s1,s1 Lab,B,2
414,85,iv,iv,A,2
415,86,s1,s1,A,3
416,86,s2,s2,D,3
417,86,s3,s3,B,3
418,86,s4,s4,D,3
419,86,s5,s5,B,3
420,86,s6,s6,C,3
421,86,s3,s3 Lab,B,2
422,86,s1,s1 Lab,O,2
423,86,iv,iv,O,2
424,87,s1,s1,B,3
425,87,s2,s2,C,3
426,87,s3,s3,A,3
427,87,s4,s4,B,3
428,87,s5,s5,A,3
429,87,s6,s6,C,3
430,87,s3,s3 Lab,B,2
431,87,s1,s1 Lab,A,2
432,87,iv,iv,O,2
433,89,s1,s1,F,0
434,89,s2,s2,F,0
435,89,s3,s3,D,3
436,89,s4,s4,F,0
437,89,s5,s5,F,0
438,89,s6,s6,F,0
439,89,s3,s3 Lab,B,2
440,89,s1,s1 Lab,A,2
441,89,iv,iv,A,2
442,91,s1,s1,A,3
443,91,s2,s2,C,3
444,91,s3,s3,A,3
445,91,s4,s4,A,3
446,91,s5,s5,O,3
447,91,s6,s6,C,3
448,91,s3,s3 Lab,A,2
449,91,s1,s1 Lab,B,2
450,91,iv,iv,A,2
451,92,s1,s1,D,3
452,92,s2,s2,C,3
453,92,s3,s3,D,3
454,92,s4,s4,D,3
455,92,s5,s5,C,3
456,92,s6,s6,C,3
457,92,s3,s3 Lab,B,2
458,92,s1,s1 Lab,A,2
459,92,iv,iv,O,2
460,94,s1,s1,D,3
461,94,s2,s2,D,3
462,94,s3,s3,C,3
463,94,s4,s4,D,3
464,94,s5,s5,B,3
465,94,s6,s6,D,3
466,94,s3,s3 Lab,B,2
467,94,s1,s1 Lab,A,2
468,94,iv,iv,O,2
469,95,s1,s1,B,3
470,95,s2,s2,B,3
471,95,s3,s3,B,3
472,95,s4,s4,C,3
473,95,s5,s5,O,3
474,95,s6,s6,B,3
475,95,s3,s3 Lab,O,2
476,95,s1,s1 Lab,O,2
477,95,iv,iv,O,2
478,96,s1,s1,B,3
479,96,s2,s2,C,3
480,96,s3,s3,A,3
481,96,s4,s4,B,3
482,96,s5,s5,A,3
483,96,s6,s6,A,3
484,96,s3,s3 Lab,O,2
485,96,s1,s1 Lab,O,2
486,96,iv,iv,O,2
487,97,s1,s1,F,0
488,97,s2,s2,F,0
489,97,s3,s3,F,0
490,97,s4,s4,F,0
491,97,s5,s5,F,0
492,97,s6,s6,F,0
493,97,s3,s3 Lab,D,2
494,97,s1,s1 Lab,A,2
495,97,iv,iv,O,2
496,99,s1,s1,D,3
497,99,s2,s2,D,3
498,99,s3,s3,D,3
499,99,s4,s4,D,3
500,99,s5,s5,D,3
501,99,s6,s6,D,3
502,99,s3,s3 Lab,B,2
503,99,s1,s1 Lab,A,2
504,99,iv,iv,A,2
505,A2,s1,s1,O,3
506,A2,s2,s2,C,3
507,A2,s3,s3,B,3
508,A2,s4,s4,A,3
509,A2,s5,s5,B,3
510,A2,s6,s6,C,3
511,A2,s3,s3 Lab,O,2
512,A2,s1,s1 Lab,O,2
513,A2,iv,iv,O,2
514,A4,s1,s1,F,0
515,A4,s2,s2,AB,0
516,A4,s3,s3,F,0
517,A4,s4,s4,AB,0
518,A4,s5,s5,AB,0
519,A4,s6,s6,AB,0
520,A4,s3,s3 Lab,AB,0
521,A4,s1,s1 Lab,AB,0
522,A4,iv,iv,D,2
523,A9,s1,s1,A,3
524,A9,s2,s2,C,3
525,A9,s3,s3,B,3
526,A9,s4,s4,A,3
527,A9,s5,s5,A,3
528,A9,s6,s6,B,3
529,A9,s3,s3 Lab,A,2
530,A9,s1,s1 Lab,O,2
531,A9,iv,iv,O,2
532,B2,s1,s1,C,3
533,B2,s2,s2,F,0
534,B2,s3,s3,D,3
535,B2,s4,s4,F,0
536,B2,s5,s5,D,3
537,B2,s6,s6,D,3
538,B2,s3,s3 Lab,D,2
539,B2,s1,s1 Lab,A,2
540,B2,iv,iv,B,2
541,B3,s1,s1,B,3
542,B3,s2,s2,C,3
543,B3,s3,s3,A,3
544,B3,s4,s4,A,3
545,B3,s5,s5,O,3
546,B3,s6,s6,A,3
547,B3,s3,s3 Lab,A,2
548,B3,s1,s1 Lab,A,2
549,B3,iv,iv,O,2
550,B4,s1,s1,O,3
551,B4,s2,s2,B,3
552,B4,s3,s3,A,3
553,B4,s4,s4,O,3
554,B4,s5,s5,O,3
555,B4,s6,s6,B,3
556,B4,s3,s3 Lab,O,2
557,B4,s1,s1 Lab,O,2
558,B4,iv,iv,O,2
559,B5,s1,s1,C,3
560,B5,s2,s2,C,3
561,B5,s3,s3,B,3
562,B5,s4,s4,A,3
563,B5,s5,s5,A,3
564,B5,s6,s6,C,3
565,B5,s3,s3 Lab,A,2
566,B5,s1,s1 Lab,O,2
567,B5,iv,iv,A,2
568,B7,s1,s1,D,3
569,B7,s2,s2,C,3
570,B7,s3,s3,C,3
571,B7,s4,s4,C,3
572,B7,s5,s5,D,3
573,B7,s6,s6,D,3
574,B7,s3,s3 Lab,O,2
575,B7,s1,s1 Lab,O,2
576,B7,iv,iv,O,2
577,B8,s1,s1,C,3
578,B8,s2,s2,D,3
579,B8,s3,s3,C,3
580,B8,s4,s4,C,3
581,B8,s5,s5,B,3
582,B8,s6,s6,C,3
583,B8,s3,s3 Lab,A,2
584,B8,s1,s1 Lab,O,2
585,B8,iv,iv,A,2
586,C0,s1,s1,C,3
587,C0,s2,s2,D,3
588,C0,s3,s3,D,3
589,C0,s4,s4,C,3
590,C0,s5,s5,D,3
591,C0,s6,s6,D,3
592,C0,s3,s3 Lab,D,2
593,C0,s1,s1 Lab,O,2
594,C0,iv,iv,O,2
595,C5,s1,s1,B,3
596,C5,s2,s2,C,3
597,C5,s3,s3,B,3
598,C5,s4,s4,C,3
599,C5,s5,s5,A,3
600,C5,s6,s6,B,3
601,C5,s3,s3 Lab,B,2
602,C5,s1,s1 Lab,O,2
603,C5,iv,iv,O,2
604,C8,s1,s1,D,3
605,C8,s2,s2,D,3
606,C8,s3,s3,D,3
607,C8,s4,s4,D,3
608,C8,s5,s5,D,3
609,C8,s6,s6,C,3
610,C8,s3,s3 Lab,B,2
611,C8,s1,s1 Lab,A,2
612,C8,iv,iv,O,2
613,C9,s1,s1,B,3
614,C9,s2,s2,D,3
615,C9,s3,s3,A,3
616,C9,s4,s4,B,3
617,C9,s5,s5,F,0
618,C9,s6,s6,C,3
619,C9,s3,s3 Lab,B,2
620,C9,s1,s1 Lab,A,2
621,C9,iv,iv,A,2
622,D0,s1,s1,C,3
623,D0,s2,s2,D,3
624,D0,s3,s3,F,0
625,D0,s4,s4,F,0
626,D0,s5,s5,F,0
627,D0,s6,s6,D,3
628,D0,s3,s3 Lab,D,2
629,D0,s1,s1 Lab,O,2
630,D0,iv,iv,O,2
631,D2,s1,s1,A,3
632,D2,s2,s2,C,3
633,D2,s3,s3,C,3
634,D2,s4,s4,B,3
635,D2,s5,s5,C,3
636,D2,s6,s6,C,3
637,D2,s3,s3 Lab,B,2
638,D2,s1,s1 Lab,O,2
639,D2,iv,iv,O,2
640,D3,s1,s1,C,3
641,D3,s2,s2,C,3
642,D3,s3,s3,B,3
643,D3,s4,s4,C,3
644,D3,s5,s5,F,0
645,D3,s6,s6,C,3
646,D3,s3,s3 Lab,A,2
647,D3,s1,s1 Lab,O,2
648,D3,iv,iv,O,2
649,D5,s1,s1,D,3
650,D5,s2,s2,D,3
651,D5,s3,s3,D,3
652,D5,s4,s4,D,3
653,D5,s5,s5,F,0
654,D5,s6,s6,F,0
655,D5,s3,s3 Lab,B,2
656,D5,s1,s1 Lab,A,2
657,D5,iv,iv,O,2
658,D6,s1,s1,D,3
659,D6,s2,s2,D,3
660,D6,s3,s3,D,3
661,D6,s4,s4,D,3
662,D6,s5,s5,D,3
663,D6,s6,s6,F,0
664,D6,s3,s3 Lab,C,2
665,D6,s1,s1 Lab,A,2
666,D6,iv,iv,D,2
667,D7,s1,s1,O,3
668,D7,s2,s2,C,3
669,D7,s3,s3,B,3
670,D7,s4,s4,A,3
671,D7,s5,s5,B,3
672,D7,s6,s6,B,3
673,D7,s3,s3 Lab,A,2
674,D7,s1,s1 Lab,O,2
675,D7,iv,iv,O,2
676,D8,s1,s1,C,3
677,D8,s2,s2,C,3
678,D8,s3,s3,C,3
679,D8,s4,s4,B,3
680,D8,s5,s5,D,3
681,D8,s6,s6,D,3
682,D8,s3,s3 Lab,B,2
683,D8,s1,s1 Lab,A,2
684,D8,iv,iv,O,2
685,D9,s1,s1,C,3
686,D9,s2,s2,C,3
687,D9,s3,s3,C,3
688,D9,s4,s4,B,3
689,D9,s5,s5,B,3
690,D9,s6,s6,C,3
691,D9,s3,s3 Lab,B,2
692,D9,s1,s1 Lab,A,2
693,D9,iv,iv,O,2
694,E0,s1,s1,A,3
695,E0,s2,s2,C,3
696,E0,s3,s3,B,3
697,E0,s4,s4,B,3
698,E0,s5,s5,A,3
699,E0,s6,s6,B,3
700,E0,s3,s3 Lab,O,2
701,E0,s1,s1 Lab,O,2
702,E0,iv,iv,C,2
703,E1,s1,s1,C,3
704,E1,s2,s2,C,3
705,E1,s3,s3,D,3
706,E1,s4,s4,B,3
707,E1,s5,s5,C,3
708,E1,s6,s6,C,3
709,E1,s3,s3 Lab,A,2
710,E1,s1,s1 Lab,O,2
711,E1,iv,iv,O,2
712,E2,s1,s1,C,3
713,E2,s2,s2,C,3
714,E2,s3,s3,C,3
715,E2,s4,s4,B,3
716,E2,s5,s5,D,3
717,E2,s6,s6,C,3
718,E2,s3,s3 Lab,B,2
719,E2,s1,s1 Lab,A,2
720,E2,iv,iv,O,2
721,E3,s1,s1,C,3
722,E3,s2,s2,C,3
723,E3,s3,s3,C,3
724,E3,s4,s4,C,3
725,E3,s5,s5,C,3
726,E3,s6,s6,D,3
727,E3,s3,s3 Lab,B,2
728,E3,s1,s1 Lab,O,2
729,E3,iv,iv,O,2
730,E4,s1,s1,C,3
731,E4,s2,s2,C,3
732,E4,s3,s3,B,3
733,E4,s4,s4,B,3
734,E4,s5,s5,C,3
735,E4,s6,s6,C,3
736,E4,s3,s3 Lab,B,2
737,E4,s1,s1 Lab,A,2
738,E4,iv,iv,O,2
739,E6,s1,s1,B,3
740,E6,s2,s2,C,3
741,E6,s3,s3,B,3
742,E6,s4,s4,B,3
743,E6,s5,s5,B,3
744,E6,s6,s6,D,3
745,E6,s3,s3 Lab,A,2
746,E6,s1,s1 Lab,O,2
747,E6,iv,iv,O,2
748,E7,s1,s1,B,3
749,E7,s2,s2,C,3
750,E7,s3,s3,B,3
751,E7,s4,s4,A,3
752,E7,s5,s5,B,3
753,E7,s6,s6,B,3
754,E7,s3,s3 Lab,A,2
755,E7,s1,s1 Lab,O,2
756,E7,iv,iv,O,2
757,E8,s1,s1,C,3
758,E8,s2,s2,B,3
759,E8,s3,s3,A,3
760,E8,s4,s4,B,3
761,E8,s5,s5,C,3
762,E8,s6,s6,C,3
763,E8,s3,s3 Lab,A,2
764,E8,s1,s1 Lab,O,2
765,E8,iv,iv,A,2
766,E9,s1,s1,F,0
767,E9,s2,s2,D,3
768,E9,s3,s3,B,3
769,E9,s4,s4,C,3
770,E9,s5,s5,B,3
771,E9,s6,s6,D,3
772,E9,s3,s3 Lab,O,2
773,E9,s1,s1 Lab,A,2
774,E9,iv,iv,O,2
775,F0,s1,s1,AB,0
776,F0,s2,s2,AB,0
777,F0,s3,s3,AB,0
778,F0,s4,s4,AB,0
779,F0,s5,s5,AB,0
780,F0,s6,s6,AB,0
781,F0,s3,s3 Lab,AB,0
782,F0,s1,s1 Lab,AB,0
783,F0,iv,iv,D,2
784,F1,s1,s1,D,3
785,F1,s2,s2,C,3
786,F1,s3,s3,B,3
787,F1,s4,s4,B,3
788,F1,s5,s5,B,3
789,F1,s6,s6,C,3
790,F1,s3,s3 Lab,B,2
791,F1,s1,s1 Lab,A,2
792,F1,iv,iv,O,2
793,F2,s1,s1,F,0
794,F2,s2,s2,C,3
795,F2,s3,s3,D,3
796,F2,s4,s4,D,3
797,F2,s5,s5,F,0
798,F2,s6,s6,D,3
799,F2,s3,s3 Lab,B,2
800,F2,s1,s1 Lab,A,2
801,F2,iv,iv,O,2
802,F3,s1,s1,D,3
803,F3,s2,s2,C,3
804,F3,s3,s3,D,3
805,F3,s4,s4,D,3
806,F3,s5,s5,F,0
807,F3,s6,s6,F,0
808,F3,s3,s3 Lab,B,2
809,F3,s1,s1 Lab,A,2
810,F3,iv,iv,O,2
811,F4,s1,s1,D,3
812,F4,s2,s2,D,3
813,F4,s3,s3,C,3
814,F4,s4,s4,C,3
815,F4,s5,s5,F,0
816,F4,s6,s6,D,3
817,F4,s3,s3 Lab,A,2
818,F4,s1,s1 Lab,O,2
819,F4,iv,iv,O,2
820,F5,s1,s1,B,3
821,F5,s2,s2,B,3
822,F5,s3,s3,A,3
823,F5,s4,s4,A,3
824,F5,s5,s5,A,3
825,F5,s6,s6,B,3
826,F5,s3,s3 Lab,A,2
827,F5,s1,s1 Lab,O,2
828,F5,iv,iv,O,2
829,F6,s1,s1,A,3
830,F6,s2,s2,B,3
831,F6,s3,s3,A,3
832,F6,s4,s4,A,3
833,F6,s5,s5,A,3
834,F6,s6,s6,A,3
835,F6,s3,s3 Lab,O,2
836,F6,s1,s1 Lab,O,2
837,F6,iv,iv,O,2
838,F7,s1,s1,B,3
839,F7,s2,s2,B,3
840,F7,s3,s3,A,3
841,F7,s4,s4,A,3
842,F7,s5,s5,A,3
843,F7,s6,s6,A,3
844,F7,s3,s3 Lab,O,2
845,F7,s1,s1 Lab,O,2
846,F7,iv,iv,O,2
847,F8,s1,s1,C,3
848,F8,s2,s2,C,3
849,F8,s3,s3,B,3
850,F8,s4,s4,B,3
851,F8,s5,s5,B,3
852,F8,s6,s6,C,3
853,F8,s3,s3 Lab,B,2
854,F8,s1,s1 Lab,O,2
855,F8,iv,iv,B,2
856,F9,s1,s1,C,3
857,F9,s2,s2,C,3
858,F9,s3,s3,A,3
859,F9,s4,s4,B,3
860,F9,s5,s5,C,3
861,F9,s6,s6,C,3
862,F9,s3,s3 Lab,A,2
863,F9,s1,s1 Lab,O,2
864,F9,iv,iv,A,2
865,G0,s1,s1,D,3
866,G0,s2,s2,D,3
867,G0,s3,s3,D,3
868,G0,s4,s4,D,3
869,G0,s5,s5,F,0
870,G0,s6,s6,F,0
871,G0,s3,s3 Lab,B,2
872,G0,s1,s1 Lab,O,2
873,G0,iv,iv,C,2
874,G1,s1,s1,A,3
875,G1,s2,s2,C,3
876,G1,s3,s3,A,3
877,G1,s4,s4,A,3
878,G1,s5,s5,B,3
879,G1,s6,s6,C,3
880,G1,s3,s3 Lab,O,2
881,G1,s1,s1 Lab,A,2
882,G1,iv,iv,O,2
883,G2,s1,s1,B,3
884,G2,s2,s2,D,3
885,G2,s3,s3,C,3
886,G2,s4,s4,C,3
887,G2,s5,s5,C,3
888,G2,s6,s6,C,3
889,G2,s3,s3 Lab,A,2
890,G2,s1,s1 Lab,O,2
891,G2,iv,iv,O,2
892,G3,s1,s1,B,3
893,G3,s2,s2,C,3
894,G3,s3,s3,A,3
895,G3,s4,s4,A,3
896,G3,s5,s5,C,3
897,G3,s6,s6,D,3
898,G3,s3,s3 Lab,A,2
899,G3,s1,s1 Lab,A,2
900,G3,iv,iv,O,2
901,G4,s1,s1,D,3
902,G4,s2,s2,D,3
903,G4,s3,s3,D,3
904,G4,s4,s4,D,3
905,G4,s5,s5,D,3
906,G4,s6,s6,D,3
907,G4,s3,s3 Lab,B,2
908,G4,s1,s1 Lab,O,2
909,G4,iv,iv,A,2
910,G5,s1,s1,B,3
911,G5,s2,s2,C,3
912,G5,s3,s3,A,3
913,G5,s4,s4,D,3
914,G5,s5,s5,B,3
915,G5,s6,s6,B,3
916,G5,s3,s3 Lab,B,2
917,G5,s1,s1 Lab,O,2
918,G5,iv,iv,A,2
919,G6,s1,s1,B,3
920,G6,s2,s2,C,3
921,G6,s3,s3,B,3
922,G6,s4,s4,B,3
923,G6,s5,s5,B,3
924,G6,s6,s6,B,3
925,G6,s3,s3 Lab,A,2
926,G6,s1,s1 Lab,O,2
927,G6,iv,iv,O,2
928,G7,s1,s1,C,3
929,G7,s2,s2,C,3
930,G7,s3,s3,B,3
931,G7,s4,s4,C,3
932,G7,s5,s5,C,3
933,G7,s6,s6,D,3
934,G7,s3,s3 Lab,B,2
935,G7,s1,s1 Lab,A,2
936,G7,iv,iv,O,2
937,G8,s1,s1,B,3
938,G8,s2,s2,D,3
939,G8,s3,s3,B,3
940,G8,s4,s4,B,3
941,G8,s5,s5,A,3
942,G8,s6,s6,B,3
943,G8,s3,s3 Lab,A,2
944,G8,s1,s1 Lab,A,2
945,G8,iv,iv,O,2
946,G9,s1,s1,C,3
947,G9,s2,s2,C,3
948,G9,s3,s3,B,3
949,G9,s4,s4,B,3
950,G9,s5,s5,C,3
951,G9,s6,s6,B,3
952,G9,s3,s3 Lab,A,2
953,G9,s1,s1 Lab,O,2
954,G9,iv,iv,O,2
955,H0,s1,s1,B,3
956,H0,s2,s2,C,3
957,H0,s3,s3,B,3
958,H0,s4,s4,A,3
959,H0,s5,s5,B,3
960,H0,s6,s6,A,3
961,H0,s3,s3 Lab,B,2
962,H0,s1,s1 Lab,O,2
963,H0,iv,iv,A,2
964,H1,s1,s1,D,3
965,H1,s2,s2,C,3
966,H1,s3,s3,B,3
967,H1,s4,s4,B,3
968,H1,s5,s5,A,3
969,H1,s6,s6,F,0
970,H1,s3,s3 Lab,A,2
971,H1,s1,s1 Lab,O,2
972,H1,iv,iv,O,2
973,H2,s1,s1,F,0
974,H2,s2,s2,F,0
975,H2,s3,s3,F,0
976,H2,s4,s4,F,0
977,H2,s5,s5,F,0
978,H2,s6,s6,F,0
979,H2,s3,s3 Lab,B,2
980,H2,s1,s1 Lab,A,2
981,H2,iv,iv,D,2
982,H3,s1,s1,B,3
983,H3,s2,s2,C,3
984,H3,s3,s3,A,3
985,H3,s4,s4,A,3
986,H3,s5,s5,C,3
987,H3,s6,s6,B,3
988,H3,s3,s3 Lab,A,2
989,H3,s1,s1 Lab,O,2
990,H3,iv,iv,B,2
991,H4,s1,s1,C,3
992,H4,s2,s2,C,3
993,H4,s3,s3,C,3
994,H4,s4,s4,B,3
995,H4,s5,s5,B,3
996,H4,s6,s6,B,3
997,H4,s3,s3 Lab,A,2
998,H4,s1,s1 Lab,A,2
999,H4,iv,iv,O,2
1000,H5,s1,s1,C,3
1001,H5,s2,s2,D,3
1002,H5,s3,s3,C,3
1003,H5,s4,s4,F,0
1004,H5,s5,s5,D,3
1005,H5,s6,s6,D,3
1006,H5,s3,s3 Lab,B,2
1007,H5,s1,s1 Lab,A,2
1008,H5,iv,iv,A,2
1009,H6,s1,s1,C,3
1010,H6,s2,s2,C,3
1011,H6,s3,s3,C,3
1012,H6,s4,s4,B,3
1013,H6,s5,s5,B,3
1014,H6,s6,s6,C,3
1015,H6,s3,s3 Lab,A,2
1016,H6,s1,s1 Lab,A,2
1017,H6,iv,iv,O,2
1018,H7,s1,s1,B,3
1019,H7,s2,s2,C,3
1020,H7,s3,s3,A,3
1021,H7,s4,s4,A,3
1022,H7,s5,s5,A,3
1023,H7,s6,s6,A,3
1024,H7,s3,s3 Lab,O,2
1025,H7,s1,s1 Lab,O,2
1026,H7,iv,iv,D,2
1027,H8,s1,s1,B,3
1028,H8,s2,s2,D,3
1029,H8,s3,s3,B,3
1030,H8,s4,s4,C,3
1031,H8,s5,s5,D,3
1032,H8,s6,s6,C,3
1033,H8,s3,s3 Lab,B,2
1034,H8,s1,s1 Lab,O,2
1035,H8,iv,iv,D,2
1036,H9,s1,s1,C,3
1037,H9,s2,s2,D,3
1038,H9,s3,s3,B,3
1039,H9,s4,s4,B,3
1040,H9,s5,s5,B,3
1041,H9,s6,s6,C,3
1042,H9,s3,s3 Lab,A,2
1043,H9,s1,s1 Lab,O,2
1044,H9,iv,iv,O,2
1045,I0,s1,s1,C,3
1046,I0,s2,s2,D,3
1047,I0,s3,s3,B,3
1048,I0,s4,s4,D,3
1049,I0,s5,s5,C,3
1050,I0,s6,s6,C,3
1051,I0,s3,s3 Lab,B,2
1052,I0,s1,s1 Lab,O,2
1053,I0,iv,iv,A,2
1054,I1,s1,s1,C,3
1055,I1,s2,s2,C,3
1056,I1,s3,s3,B,3
1057,I1,s4,s4,C,3
1058,I1,s5,s5,B,3
1059,I1,s6,s6,C,3
1060,I1,s3,s3 Lab,A,2
1061,I1,s1,s1 Lab,A,2
1062,I1,iv,iv,O,2
1063,I2,s1,s1,B,3
1064,I2,s2,s2,C,3
1065,I2,s3,s3,A,3
1066,I2,s4,s4,B,3
1067,I2,s5,s5,A,3
1068,I2,s6,s6,B,3
1069,I2,s3,s3 Lab,A,2
1070,I2,s1,s1 Lab,O,2
1071,I2,iv,iv,O,2
1072,I3,s1,s1,B,3
1073,I3,s2,s2,C,3
1074,I3,s3,s3,B,3
1075,I3,s4,s4,O,3
1076,I3,s5,s5,A,3
1077,I3,s6,s6,A,3
1078,I3,s3,s3 Lab,A,2
1079,I3,s1,s1 Lab,O,2
1080,I3,iv,iv,O,2
1081,I4,s1,s1,C,3
1082,I4,s2,s2,C,3
1083,I4,s3,s3,C,3
1084,I4,s4,s4,D,3
1085,I4,s5,s5,D,3
1086,I4,s6,s6,D,3
1087,I4,s3,s3 Lab,A,2
1088,I4,s1,s1 Lab,O,2
1089,I4,iv,iv,A,2
1090,I5,s1,s1,B,3
1091,I5,s2,s2,B,3
1092,I5,s3,s3,A,3
1093,I5,s4,s4,A,3
1094,I5,s5,s5,A,3
1095,I5,s6,s6,A,3
1096,I5,s3,s3 Lab,A,2
1097,I5,s1,s1 Lab,O,2
1098,I5,iv,iv,O,2
1099,I7,s1,s1,B,3
1100,I7,s2,s2,C,3
1101,I7,s3,s3,A,3
1102,I7,s4,s4,A,3
1103,I7,s5,s5,B,3
1104,I7,s6,s6,B,3
1105,I7,s3,s3 Lab,A,2
1106,I7,s1,s1 Lab,O,2
1107,I7,iv,iv,O,2
1108,I8,s1,s1,B,3
1109,I8,s2,s2,B,3
1110,I8,s3,s3,A,3
1111,I8,s4,s4,O,3
1112,I8,s5,s5,O,3
1113,I8,s6,s6,A,3
1114,I8,s3,s3 Lab,O,2
1115,I8,s1,s1 Lab,O,2
1116,I8,iv,iv,O,2
1117,I9,s1,s1,C,3
1118,I9,s2,s2,C,3
1119,I9,s3,s3,B,3
1120,I9,s4,s4,B,3
1121,I9,s5,s5,B,3
1122,I9,s6,s6,B,3
1123,I9,s3,s3 Lab,A,2
1124,I9,s1,s1 Lab,O,2
1125,I9,iv,iv,A,2
1126,J1,s1,s1,C,3
1127,J1,s2,s2,D,3
1128,J1,s3,s3,C,3
1129,J1,s4,s4,D,3
1130,J1,s5,s5,C,3
1131,J1,s6,s6,D,3
1132,J1,s3,s3 Lab,B,2
1133,J1,s1,s1 Lab,A,2
1134,J1,iv,iv,C,2
1135,J2,s1,s1,B,3
1136,J2,s2,s2,C,3
1137,J2,s3,s3,B,3
1138,J2,s4,s4,C,3
1139,J2,s5,s5,A,3
1140,J2,s6,s6,C,3
1141,J2,s3,s3 Lab,A,2
1142,J2,s1,s1 Lab,A,2
1143,J2,iv,iv,O,2
1144,J3,s1,s1,C,3
1145,J3,s2,s2,C,3
1146,J3,s3,s3,B,3
1147,J3,s4,s4,B,3
1148,J3,s5,s5,B,3
1149,J3,s6,s6,B,3
1150,J3,s3,s3 Lab,A,2
1151,J3,s1,s1 Lab,O,2
1152,J3,iv,iv,B,2
1153,J4,s1,s1,B,3
1154,J4,s2,s2,C,3
1155,J4,s3,s3,A,3
1156,J4,s4,s4,B,3
1157,J4,s5,s5,A,3
1158,J4,s6,s6,A,3
1159,J4,s3,s3 Lab,O,2
1160,J4,s1,s1 Lab,O,2
1161,J4,iv,iv,O,2
1162,J5,s1,s1,C,3
1163,J5,s2,s2,C,3
1164,J5,s3,s3,A,3
1165,J5,s4,s4,A,3
1166,J5,s5,s5,B,3
1167,J5,s6,s6,B,3
1168,J5,s3,s3 Lab,A,2
1169,J5,s1,s1 Lab,O,2
1170,J5,iv,iv,O,2
1171,J6,s1,s1,C,3
1172,J6,s2,s2,C,3
1173,J6,s3,s3,A,3
1174,J6,s4,s4,A,3
1175,J6,s5,s5,B,3
1176,J6,s6,s6,B,3
1177,J6,s3,s3 Lab,O,2
1178,J6,s1,s1 Lab,A,2
1179,J6,iv,iv,A,2
1180,J7,s1,s1,C,3
1181,J7,s2,s2,A,3
1182,J7,s3,s3,O,3
1183,J7,s4,s4,O,3
1184,J7,s5,s5,A,3
1185,J7,s6,s6,O,3
1186,J7,s3,s3 Lab,A,2
1187,J7,s1,s1 Lab,A,2
1188,J7,iv,iv,O,2
1189,J8,s1,s1,D,3
1190,J8,s2,s2,D,3
1191,J8,s3,s3,B,3
1192,J8,s4,s4,C,3
1193,J8,s5,s5,A,3
1194,J8,s6,s6,C,3
1195,J8,s3,s3 Lab,B,2
1196,J8,s1,s1 Lab,O,2
1197,J8,iv,iv,A,2
1198,J9,s1,s1,A,3
1199,J9,s2,s2,B,3
1200,J9,s3,s3,A,3
1201,J9,s4,s4,A,3
1202,J9,s5,s5,A,3
1203,J9,s6,s6,A,3
1204,J9,s3,s3 Lab,O,2
1205,J9,s1,s1 Lab,O,2
1206,J9,iv,iv,O,2
1207,K0,s1,s1,F,0
1208,K0,s2,s2,F,0
1209,K0,s3,s3,F,0
1210,K0,s4,s4,F,0
1211,K0,s5,s5,F,0
1212,K0,s6,s6,F,0
1213,K0,s3,s3 Lab,AB,0
1214,K0,s1,s1 Lab,AB,0
1215,K0,iv,iv,D,2
1216,K1,s1,s1,B,3
1217,K1,s2,s2,B,3
1218,K1,s3,s3,B,3
1219,K1,s4,s4,O,3
1220,K1,s5,s5,A,3
1221,K1,s6,s6,A,3
1222,K1,s3,s3 Lab,O,2
1223,K1,s1,s1 Lab,O,2
1224,K1,iv,iv,O,2
1225,K3,s1,s1,B,3
1226,K3,s2,s2,B,3
1227,K3,s3,s3,B,3
1228,K3,s4,s4,B,3
1229,K3,s5,s5,B,3
1230,K3,s6,s6,B,3
1231,K3,s3,s3 Lab,B,2
1232,K3,s1,s1 Lab,O,2
1233,K3,iv,iv,A,2
1234,K4,s1,s1,B,3
1235,K4,s2,s2,C,3
1236,K4,s3,s3,B,3
1237,K4,s4,s4,B,3
1238,K4,s5,s5,B,3
1239,K4,s6,s6,C,3
1240,K4,s3,s3 Lab,A,2
1241,K4,s1,s1 Lab,O,2
1242,K4,iv,iv,D,2
1243,K5,s1,s1,B,3
1244,K5,s2,s2,D,3
1245,K5,s3,s3,C,3
1246,K5,s4,s4,B,3
1247,K5,s5,s5,B,3
1248,K5,s6,s6,C,3
1249,K5,s3,s3 Lab,A,2
1250,K5,s1,s1 Lab,O,2
1251,K5,iv,iv,D,2
1252,K7,s1,s1,B,3
1253,K7,s2,s2,C,3
1254,K7,s3,s3,A,3
1255,K7,s4,s4,A,3
1256,K7,s5,s5,A,3
1257,K7,s6,s6,B,3
1258,K7,s3,s3 Lab,O,2
1259,K7,s1,s1 Lab,O,2
1260,K7,iv,iv,O,2
1261,K9,s1,s1,C,3
1262,K9,s2,s2,C,3
1263,K9,s3,s3,B,3
1264,K9,s4,s4,B,3
1265,K9,s5,s5,B,3
1266,K9,s6,s6,B,3
1267,K9,s3,s3 Lab,B,2
1268,K9,s1,s1 Lab,O,2
1269,K9,iv,iv,B,2
1270,L1,s1,s1,B,3
1271,L1,s2,s2,B,3
1272,L1,s3,s3,B,3
1273,L1,s4,s4,A,3
1274,L1,s5,s5,B,3
1275,L1,s6,s6,B,3
1276,L1,s3,s3 Lab,O,2
1277,L1,s1,s1 Lab,O,2
1278,L1,iv,iv,A,2
1279,L2,s1,s1,C,3
1280,L2,s2,s2,C,3
1281,L2,s3,s3,A,3
1282,L2,s4,s4,B,3
1283,L2,s5,s5,C,3
1284,L2,s6,s6,B,3
1285,L2,s3,s3 Lab,A,2
1286,L2,s1,s1 Lab,O,2
1287,L2,iv,iv,A,2
1288,L3,s1,s1,B,3
1289,L3,s2,s2,C,3
1290,L3,s3,s3,C,3
1291,L3,s4,s4,C,3
1292,L3,s5,s5,B,3
1293,L3,s6,s6,C,3
1294,L3,s3,s3 Lab,C,2
1295,L3,s1,s1 Lab,A,2
1296,L3,iv,iv,O,2
1297,L4,s1,s1,C,3
1298,L4,s2,s2,D,3
1299,L4,s3,s3,B,3
1300,L4,s4,s4,C,3
1301,L4,s5,s5,B,3
1302,L4,s6,s6,C,3
1303,L4,s3,s3 Lab,B,2
1304,L4,s1,s1 Lab,O,2
1305,L4,iv,iv,O,2
1306,L5,s1,s1,A,3
1307,L5,s2,s2,C,3
1308,L5,s3,s3,A,3
1309,L5,s4,s4,C,3
1310,L5,s5,s5,O,3
1311,L5,s6,s6,O,3
1312,L5,s3,s3 Lab,A,2
1313,L5,s1,s1 Lab,O,2
1314,L5,iv,iv,A,2
1315,L6,s1,s1,B,3
1316,L6,s2,s2,C,3
1317,L6,s3,s3,A,3
1318,L6,s4,s4,D,3
1319,L6,s5,s5,B,3
1320,L6,s6,s6,C,3
1321,L6,s3,s3 Lab,B,2
1322,L6,s1,s1 Lab,O,2
1323,L6,iv,iv,O,2
1324,L7,s1,s1,A,3
1325,L7,s2,s2,C,3
1326,L7,s3,s3,A,3
1327,L7,s4,s4,B,3
1328,L7,s5,s5,A,3
1329,L7,s6,s6,A,3
1330,L7,s3,s3 Lab,A,2
1331,L7,s1,s1 Lab,O,2
1332,L7,iv,iv,O,2
1333,L8,s1,s1,A,3
1334,L8,s2,s2,C,3
1335,L8,s3,s3,A,3
1336,L8,s4,s4,B,3
1337,L8,s5,s5,A,3
1338,L8,s6,s6,A,3
1339,L8,s3,s3 Lab,A,2
1340,L8,s1,s1 Lab,O,2
1341,L8,iv,iv,O,2
1342,M0,s1,s1,F,0
1343,M0,s2,s2,F,0
1344,M0,s3,s3,D,3
1345,M0,s4,s4,D,3
1346,M0,s5,s5,C,3
1347,M0,s6,s6,C,3
1348,M0,s3,s3 Lab,A,2
1349,M0,s1,s1 Lab,O,2
1350,M0,iv,iv,O,2
1351,M1,s1,s1,A,3
1352,M1,s2,s2,C,3
1353,M1,s3,s3,A,3
1354,M1,s4,s4,A,3
1355,M1,s5,s5,O,3
1356,M1,s6,s6,A,3
1357,M1,s3,s3 Lab,A,2
1358,M1,s1,s1 Lab,O,2
1359,M1,iv,iv,O,2
1360,M2,s1,s1,A,3
1361,M2,s2,s2,C,3
1362,M2,s3,s3,A,3
1363,M2,s4,s4,C,3
1364,M2,s5,s5,B,3
1365,M2,s6,s6,A,3
1366,M2,s3,s3 Lab,B,2
1367,M2,s1,s1 Lab,O,2
1368,M2,iv,iv,O,2
1369,M3,s1,s1,F,0
1370,M3,s2,s2,F,0
1371,M3,s3,s3,D,3
1372,M3,s4,s4,D,3
1373,M3,s5,s5,C,3
1374,M3,s6,s6,D,3
1375,M3,s3,s3 Lab,B,2
1376,M3,s1,s1 Lab,A,2
1377,M3,iv,iv,O,2
1378,M5,s1,s1,C,3
1379,M5,s2,s2,C,3
1380,M5,s3,s3,B,3
1381,M5,s4,s4,D,3
1382,M5,s5,s5,D,3
1383,M5,s6,s6,B,3
1384,M5,s3,s3 Lab,B,2
1385,M5,s1,s1 Lab,O,2
1386,M5,iv,iv,O,2
1387,M6,s1,s1,C,3
1388,M6,s2,s2,D,3
1389,M6,s3,s3,C,3
1390,M6,s4,s4,C,3
1391,M6,s5,s5,A,3
1392,M6,s6,s6,B,3
1393,M6,s3,s3 Lab,A,2
1394,M6,s1,s1 Lab,O,2
1395,M6,iv,iv,O,2
1396,M7,s1,s1,B,3
1397,M7,s2,s2,D,3
1398,M7,s3,s3,A,3
1399,M7,s4,s4,B,3
1400,M7,s5,s5,O,3
1401,M7,s6,s6,O,3
1402,M7,s3,s3 Lab,A,2
1403,M7,s1,s1 Lab,O,2
1404,M7,iv,iv,O,2
1405,M8,s1,s1,C,3
1406,M8,s2,s2,F,0
1407,M8,s3,s3,B,3
1408,M8,s4,s4,D,3
1409,M8,s5,s5,A,3
1410,M8,s6,s6,C,3
1411,M8,s3,s3 Lab,A,2
1412,M8,s1,s1 Lab,O,2
1413,M8,iv,iv,A,2
1414,N0,s1,s1,A,3
1415,N0,s2,s2,D,3
1416,N0,s3,s3,A,3
1417,N0,s4,s4,C,3
1418,N0,s5,s5,A,3
1419,N0,s6,s6,B,3
1420,N0,s3,s3 Lab,A,2
1421,N0,s1,s1 Lab,O,2
1422,N0,iv,iv,O,2
1423,N1,s1,s1,C,3
1424,N1,s2,s2,F,0
1425,N1,s3,s3,C,3
1426,N1,s4,s4,D,3
1427,N1,s5,s5,C,3
1428,N1,s6,s6,D,3
1429,N1,s3,s3 Lab,B,2
1430,N1,s1,s1 Lab,O,2
1431,N1,iv,iv,O,2
1432,N2,s1,s1,B,3
1433,N2,s2,s2,D,3
1434,N2,s3,s3,B,3
1435,N2,s4,s4,D,3
1436,N2,s5,s5,A,3
1437,N2,s6,s6,B,3
1438,N2,s3,s3 Lab,A,2
1439,N2,s1,s1 Lab,O,2
1440,N2,iv,iv,O,2
1441,N6,s1,s1,A,3
1442,N6,s2,s2,D,3
1443,N6,s3,s3,A,3
1444,N6,s4,s4,B,3
1445,N6,s5,s5,O,3
1446,N6,s6,s6,A,3
1447,N6,s3,s3 Lab,O,2
1448,N6,s1,s1 Lab,O,2
1449,N6,iv,iv,O,2
1450,N8,s1,s1,B,3
1451,N8,s2,s2,C,3
1452,N8,s3,s3,C,3
1453,N8,s4,s4,C,3
1454,N8,s5,s5,B,3
1455,N8,s6,s6,B,3
1456,N8,s3,s3 Lab,B,2
1457,N8,s1,s1 Lab,O,2
1458,N8,iv,iv,O,2
1459,O1,s1,s1,B,3
1460,O1,s2,s2,D,3
1461,O1,s3,s3,D,3
1462,O1,s4,s4,D,3
1463,O1,s5,s5,C,3
1464,O1,s6,s6,D,3
1465,O1,s3,s3 Lab,B,2
1466,O1,s1,s1 Lab,O,2
1467,O1,iv,iv,O,2
1468,O3,s1,s1,F,0
1469,O3,s2,s2,F,0
1470,O3,s3,s3,F,0
1471,O3,s4,s4,F,0
1472,O3,s5,s5,F,0
1473,O3,s6,s6,F,0
1474,O3,s3,s3 Lab,B,2
1475,O3,s1,s1 Lab,B,2
1476,O3,iv,iv,D,2
1477,O4,s1,s1,B,3
1478,O4,s2,s2,D,3
1479,O4,s3,s3,B,3
1480,O4,s4,s4,C,3
1481,O4,s5,s5,A,3
1482,O4,s6,s6,B,3
1483,O4,s3,s3 Lab,A,2
1484,O4,s1,s1 Lab,A,2
1485,O4,iv,iv,O,2
1486,O5,s1,s1,C,3
1487,O5,s2,s2,F,0
1488,O5,s3,s3,F,0
1489,O5,s4,s4,F,0
1490,O5,s5,s5,C,3
1491,O5,s6,s6,D,3
1492,O5,s3,s3 Lab,C,2
1493,O5,s1,s1 Lab,A,2
1494,O5,iv,iv,O,2
1495,O7,s1,s1,D,3
1496,O7,s2,s2,D,3
1497,O7,s3,s3,F,0
1498,O7,s4,s4,F,0
1499,O7,s5,s5,F,0
1500,O7,s6,s6,F,0
1501,O7,s3,s3 Lab,B,2
1502,O7,s1,s1 Lab,B,2
1503,O7,iv,iv,D,2
1504,O8,s1,s1,F,0
1505,O8,s2,s2,F,0
1506,O8,s3,s3,F,0
1507,O8,s4,s4,F,0
1508,O8,s5,s5,F,0
1509,O8,s6,s6,F,0
1510,O8,s3,s3 Lab,C,2
1511,O8,s1,s1 Lab,A,2
1512,O8,iv,iv,D,2
1513,O9,s1,s1,F,0
1514,O9,s2,s2,F,0
1515,O9,s3,s3,F,0
1516,O9,s4,s4,F,0
1517,O9,s5,s5,F,0
1518,O9,s6,s6,F,0
1519,O9,s3,s3 Lab,D,2
1520,O9,s1,s1 Lab,A,2
1521,O9,iv,iv,O,2
1522,P0,s1,s1,F,0
1523,P0,s2,s2,D,3
1524,P0,s3,s3,C,3
1525,P0,s4,s4,F,0
1526,P0,s5,s5,C,3
1527,P0,s6,s6,D,3
1528,P0,s3,s3 Lab,A,2
1529,P0,s1,s1 Lab,O,2
1530,P0,iv,iv,D,2
1531,P1,s1,s1,A,3
1532,P1,s2,s2,C,3
1533,P1,s3,s3,C,3
1534,P1,s4,s4,C,3
1535,P1,s5,s5,A,3
1536,P1,s6,s6,B,3
1537,P1,s3,s3 Lab,O,2
1538,P1,s1,s1 Lab,O,2
1539,P1,iv,iv,O,2
1540,P2,s1,s1,A,3
1541,P2,s2,s2,C,3
1542,P2,s3,s3,C,3
1543,P2,s4,s4,C,3
1544,P2,s5,s5,O,3
1545,P2,s6,s6,O,3
1546,P2,s3,s3 Lab,O,2
1547,P2,s1,s1 Lab,A,2
1548,P2,iv,iv,O,2
1549,P3,s1,s1,B,3
1550,P3,s2,s2,D,3
1551,P3,s3,s3,A,3
1552,P3,s4,s4,D,3
1553,P3,s5,s5,A,3
1554,P3,s6,s6,B,3
1555,P3,s3,s3 Lab,A,2
1556,P3,s1,s1 Lab,A,2
1557,P3,iv,iv,O,2
1558,P5,s1,s1,C,3
1559,P5,s2,s2,F,0
1560,P5,s3,s3,B,3
1561,P5,s4,s4,D,3
1562,P5,s5,s5,A,3
1563,P5,s6,s6,C,3
1564,P5,s3,s3 Lab,A,2
1565,P5,s1,s1 Lab,A,2
1566,P5,iv,iv,F,0
1567,P6,s1,s1,D,3
1568,P6,s2,s2,F,0
1569,P6,s3,s3,B,3
1570,P6,s4,s4,D,3
1571,P6,s5,s5,B,3
1572,P6,s6,s6,B,3
1573,P6,s3,s3 Lab,A,2
1574,P6,s1,s1 Lab,A,2
1575,P6,iv,iv,O,2
1576,P7,s1,s1,B,3
1577,P7,s2,s2,C,3
1578,P7,s3,s3,C,3
1579,P7,s4,s4,C,3
1580,P7,s5,s5,O,3
1581,P7,s6,s6,B,3
1582,P7,s3,s3 Lab,O,2
1583,P7,s1,s1 Lab,A,2
1584,P7,iv,iv,O,2
1585,P8,s1,s1,B,3
1586,P8,s2,s2,C,3
1587,P8,s3,s3,A,3
1588,P8,s4,s4,C,3
1589,P8,s5,s5,O,3
1590,P8,s6,s6,A,3
1591,P8,s3,s3 Lab,O,2
1592,P8,s1,s1 Lab,O,2
1593,P8,iv,iv,O,2
1594,P9,s1,s1,A,3
1595,P9,s2,s2,C,3
1596,P9,s3,s3,B,3
1597,P9,s4,s4,C,3
1598,P9,s5,s5,O,3
1599,P9,s6,s6,A,3
1600,P9,s3,s3 Lab,O,2
1601,P9,s1,s1 Lab,A,2
1602,P9,iv,iv,O,2
1603,Q0,s1,s1,C,3
1604,Q0,s2,s2,D,3
1605,Q0,s3,s3,D,3
1606,Q0,s4,s4,C,3
1607,Q0,s5,s5,B,3
1608,Q0,s6,s6,D,3
1609,Q0,s3,s3 Lab,B,2
1610,Q0,s1,s1 Lab,A,2
1611,Q0,iv,iv,A,2
1612,Q1,s1,s1,F,0
1613,Q1,s2,s2,D,3
1614,Q1,s3,s3,F,0
1615,Q1,s4,s4,F,0
1616,Q1,s5,s5,C,3
1617,Q1,s6,s6,F,0
1618,Q1,s3,s3 Lab,B,2
1619,Q1,s1,s1 Lab,A,2
1620,Q1,iv,iv,O,2
1621,Q2,s1,s1,O,3
1622,Q2,s2,s2,C,3
1623,Q2,s3,s3,B,3
1624,Q2,s4,s4,B,3
1625,Q2,s5,s5,A,3
1626,Q2,s6,s6,A,3
1627,Q2,s3,s3 Lab,O,2
1628,Q2,s1,s1 Lab,O,2
1629,Q2,iv,iv,O,2
1630,Q3,s1,s1,C,3
1631,Q3,s2,s2,C,3
1632,Q3,s3,s3,D,3
1633,Q3,s4,s4,D,3
1634,Q3,s5,s5,C,3
1635,Q3,s6,s6,B,3
1636,Q3,s3,s3 Lab,B,2
1637,Q3,s1,s1 Lab,A,2
1638,Q3,iv,iv,O,2
1639,Q4,s1,s1,A,3
1640,Q4,s2,s2,C,3
1641,Q4,s3,s3,C,3
1642,Q4,s4,s4,C,3
1643,Q4,s5,s5,A,3
1644,Q4,s6,s6,B,3
1645,Q4,s3,s3 Lab,A,2
1646,Q4,s1,s1 Lab,B,2
1647,Q4,iv,iv,O,2
1648,Q5,s1,s1,O,3
1649,Q5,s2,s2,C,3
1650,Q5,s3,s3,B,3
1651,Q5,s4,s4,B,3
1652,Q5,s5,s5,A,3
1653,Q5,s6,s6,B,3
1654,Q5,s3,s3 Lab,B,2
1655,Q5,s1,s1 Lab,A,2
1656,Q5,iv,iv,A,2
1657,Q6,s1,s1,C,3
1658,Q6,s2,s2,C,3
1659,Q6,s3,s3,B,3
1660,Q6,s4,s4,C,3
1661,Q6,s5,s5,B,3
1662,Q6,s6,s6,C,3
1663,Q6,s3,s3 Lab,A,2
1664,Q6,s1,s1 Lab,A,2
1665,Q6,iv,iv,A,2
1666,Q7,s1,s1,D,3
1667,Q7,s2,s2,C,3
1668,Q7,s3,s3,C,3
1669,Q7,s4,s4,D,3
1670,Q7,s5,s5,A,3
1671,Q7,s6,s6,C,3
1672,Q7,s3,s3 Lab,A,2
1673,Q7,s1,s1 Lab,A,2
1674,Q7,iv,iv,O,2
1675,Q8,s1,s1,C,3
1676,Q8,s2,s2,D,3
1677,Q8,s3,s3,C,3
1678,Q8,s4,s4,D,3
1679,Q8,s5,s5,D,3
1680,Q8,s6,s6,B,3
1681,Q8,s3,s3 Lab,A,2
1682,Q8,s1,s1 Lab,B,2
1683,Q8,iv,iv,B,2
1684,R0,s1,s1,A,3
1685,R0,s2,s2,C,3
1686,R0,s3,s3,B,3
1687,R0,s4,s4,B,3
1688,R0,s5,s5,O,3
1689,R0,s6,s6,A,3
1690,R0,s3,s3 Lab,O,2
1691,R0,s1,s1 Lab,O,2
1692,R0,iv,iv,O,2
1693,R1,s1,s1,C,3
1694,R1,s2,s2,C,3
1695,R1,s3,s3,D,3
1696,R1,s4,s4,C,3
1697,R1,s5,s5,B,3
1698,R1,s6,s6,B,3
1699,R1,s3,s3 Lab,B,2
1700,R1,s1,s1 Lab,A,2
1701,R1,iv,iv,O,2
1702,R2,s1,s1,C,3
1703,R2,s2,s2,C,3
1704,R2,s3,s3,C,3
1705,R2,s4,s4,F,0
1706,R2,s5,s5,D,3
1707,R2,s6,s6,D,3
1708,R2,s3,s3 Lab,A,2
1709,R2,s1,s1 Lab,A,2
1710,R2,iv,iv,A,2
1711,R3,s1,s1,A,3
1712,R3,s2,s2,C,3
1713,R3,s3,s3,A,3
1714,R3,s4,s4,A,3
1715,R3,s5,s5,A,3
1716,R3,s6,s6,A,3
1717,R3,s3,s3 Lab,A,2
1718,R3,s1,s1 Lab,O,2
1719,R3,iv,iv,O,2
1720,R4,s1,s1,D,3
1721,R4,s2,s2,D,3
1722,R4,s3,s3,D,3
1723,R4,s4,s4,D,3
1724,R4,s5,s5,D,3
1725,R4,s6,s6,C,3
1726,R4,s3,s3 Lab,B,2
1727,R4,s1,s1 Lab,B,2
1728,R4,iv,iv,C,2
1729,R5,s1,s1,O,3
1730,R5,s2,s2,B,3
1731,R5,s3,s3,A,3
1732,R5,s4,s4,A,3
1733,R5,s5,s5,O,3
1734,R5,s6,s6,A,3
1735,R5,s3,s3 Lab,O,2
1736,R5,s1,s1 Lab,O,2
1737,R5,iv,iv,O,2
1738,R6,s1,s1,O,3
1739,R6,s2,s2,A,3
1740,R6,s3,s3,B,3
1741,R6,s4,s4,A,3
1742,R6,s5,s5,O,3
1743,R6,s6,s6,B,3
1744,R6,s3,s3 Lab,A,2
1745,R6,s1,s1 Lab,A,2
1746,R6,iv,iv,O,2
1747,R7,s1,s1,A,3
1748,R7,s2,s2,B,3
1749,R7,s3,s3,B,3
1750,R7,s4,s4,C,3
1751,R7,s5,s5,A,3
1752,R7,s6,s6,A,3
1753,R7,s3,s3 Lab,A,2
1754,R7,s1,s1 Lab,A,2
1755,R7,iv,iv,O,2
1756,R8,s1,s1,B,3
1757,R8,s2,s2,D,3
1758,R8,s3,s3,C,3
1759,R8,s4,s4,C,3
1760,R8,s5,s5,B,3
1761,R8,s6,s6,B,3
1762,R8,s3,s3 Lab,B,2
1763,R8,s1,s1 Lab,A,2
1764,R8,iv,iv,O,2
1765,R9,s1,s1,B,3
1766,R9,s2,s2,C,3
1767,R9,s3,s3,B,3
1768,R9,s4,s4,B,3
1769,R9,s5,s5,O,3
1770,R9,s6,s6,B,3
1771,R9,s3,s3 Lab,A,2
1772,R9,s1,s1 Lab,A,2
1773,R9,iv,iv,O,2
1774,S0,s1,s1,O,3
1775,S0,s2,s2,B,3
1776,S0,s3,s3,A,3
1777,S0,s4,s4,A,3
1778,S0,s5,s5,O,3
1779,S0,s6,s6,A,3
1780,S0,s3,s3 Lab,A,2
1781,S0,s1,s1 Lab,O,2
1782,S0,iv,iv,O,2
1783,S1,s1,s1,C,3
1784,S1,s2,s2,C,3
1785,S1,s3,s3,D,3
1786,S1,s4,s4,D,3
1787,S1,s5,s5,C,3
1788,S1,s6,s6,C,3
1789,S1,s3,s3 Lab,B,2
1790,S1,s1,s1 Lab,C,2
1791,S1,iv,iv,O,2
1792,S2,s1,s1,A,3
1793,S2,s2,s2,C,3
1794,S2,s3,s3,B,3
1795,S2,s4,s4,C,3
1796,S2,s5,s5,B,3
1797,S2,s6,s6,A,3
1798,S2,s3,s3 Lab,B,2
1799,S2,s1,s1 Lab,B,2
1800,S2,iv,iv,O,2
1801,S3,s1,s1,A,3
1802,S3,s2,s2,C,3
1803,S3,s3,s3,B,3
1804,S3,s4,s4,A,3
1805,S3,s5,s5,O,3
1806,S3,s6,s6,B,3
1807,S3,s3,s3 Lab,A,2
1808,S3,s1,s1 Lab,O,2
1809,S3,iv,iv,O,2
1810,S4,s1,s1,B,3
1811,S4,s2,s2,C,3
1812,S4,s3,s3,B,3
1813,S4,s4,s4,C,3
1814,S4,s5,s5,O,3
1815,S4,s6,s6,A,3
1816,S4,s3,s3 Lab,A,2
1817,S4,s1,s1 Lab,A,2
1818,S4,iv,iv,O,2
1819,S5,s1,s1,C,3
1820,S5,s2,s2,C,3
1821,S5,s3,s3,D,3
1822,S5,s4,s4,C,3
1823,S5,s5,s5,C,3
1824,S5,s6,s6,D,3
1825,S5,s3,s3 Lab,B,2
1826,S5,s1,s1 Lab,B,2
1827,S5,iv,iv,O,2
1828,S6,s1,s1,C,3
1829,S6,s2,s2,D,3
1830,S6,s3,s3,D,3
1831,S6,s4,s4,D,3
1832,S6,s5,s5,D,3
1833,S6,s6,s6,C,3
1834,S6,s3,s3 Lab,B,2
1835,S6,s1,s1 Lab,B,2
1836,S6,iv,iv,O,2
1837,S7,s1,s1,C,3
1838,S7,s2,s2,C,3
1839,S7,s3,s3,C,3
1840,S7,s4,s4,D,3
1841,S7,s5,s5,D,3
1842,S7,s6,s6,C,3
1843,S7,s3,s3 Lab,A,2
1844,S7,s1,s1 Lab,A,2
1845,S7,iv,iv,O,2
1846,S8,s1,s1,B,3
1847,S8,s2,s2,C,3
1848,S8,s3,s3,B,3
1849,S8,s4,s4,C,3
1850,S8,s5,s5,B,3
1851,S8,s6,s6,B,3
1852,S8,s3,s3 Lab,A,2
1853,S8,s1,s1 Lab,B,2
1854,S8,iv,iv,O,2
1855,S9,s1,s1,C,3
1856,S9,s2,s2,C,3
1857,S9,s3,s3,B,3
1858,S9,s4,s4,B,3
1859,S9,s5,s5,A,3
1860,S9,s6,s6,B,3
1861,S9,s3,s3 Lab,A,2
1862,S9,s1,s1 Lab,B,2
1863,S9,iv,iv,O,2
1864,T0,s1,s1,C,3
1865,T0,s2,s2,C,3
1866,T0,s3,s3,C,3
1867,T0,s4,s4,C,3
1868,T0,s5,s5,O,3
1869,T0,s6,s6,B,3
1870,T0,s3,s3 Lab,B,2
1871,T0,s1,s1 Lab,A,2
1872,T0,iv,iv,O,2
1873,T1,s1,s1,O,3
1874,T1,s2,s2,C,3
1875,T1,s3,s3,B,3
1876,T1,s4,s4,C,3
1877,T1,s5,s5,A,3
1878,T1,s6,s6,C,3
1879,T1,s3,s3 Lab,A,2
1880,T1,s1,s1 Lab,B,2
1881,T1,iv,iv,O,2
1882,T2,s1,s1,B,3
1883,T2,s2,s2,C,3
1884,T2,s3,s3,C,3
1885,T2,s4,s4,D,3
1886,T2,s5,s5,C,3
1887,T2,s6,s6,B,3
1888,T2,s3,s3 Lab,A,2
1889,T2,s1,s1 Lab,B,2
1890,T2,iv,iv,O,2
1891,T3,s1,s1,C,3
1892,T3,s2,s2,C,3
1893,T3,s3,s3,C,3
1894,T3,s4,s4,C,3
1895,T3,s5,s5,B,3
1896,T3,s6,s6,B,3
1897,T3,s3,s3 Lab,A,2
1898,T3,s1,s1 Lab,B,2
1899,T3,iv,iv,O,2
1900,T4,s1,s1,O,3
1901,T4,s2,s2,B,3
1902,T4,s3,s3,B,3
1903,T4,s4,s4,B,3
1904,T4,s5,s5,A,3
1905,T4,s6,s6,B,3
1906,T4,s3,s3 Lab,A,2
1907,T4,s1,s1 Lab,B,2
1908,T4,iv,iv,O,2
1909,T6,s1,s1,A,3
1910,T6,s2,s2,B,3
1911,T6,s3,s3,C,3
1912,T6,s4,s4,C,3
1913,T6,s5,s5,B,3
1914,T6,s6,s6,B,3
1915,T6,s3,s3 Lab,A,2
1916,T6,s1,s1 Lab,O,2
1917,T6,iv,iv,O,2
1918,T7,s1,s1,F,0
1919,T7,s2,s2,F,0
1920,T7,s3,s3,F,0
1921,T7,s4,s4,F,0
1922,T7,s5,s5,F,0
1923,T7,s6,s6,F,0
1924,T7,s3,s3 Lab,C,2
1925,T7,s1,s1 Lab,B,2
1926,T7,iv,iv,O,2
1927,T8,s1,s1,B,3
1928,T8,s2,s2,D,3
1929,T8,s3,s3,D,3
1930,T8,s4,s4,D,3
1931,T8,s5,s5,D,3
1932,T8,s6,s6,D,3
1933,T8,s3,s3 Lab,B,2
1934,T8,s1,s1 Lab,A,2
1935,T8,iv,iv,D,2
1936,T9,s1,s1,C,3
1937,T9,s2,s2,C,3
1938,T9,s3,s3,D,3
1939,T9,s4,s4,F,0
1940,T9,s5,s5,F,0
1941,T9,s6,s6,D,3
1942,T9,s3,s3 Lab,C,2
1943,T9,s1,s1 Lab,A,2
1944,T9,iv,iv,O,2
1945,U0,s1,s1,C,3
1946,U0,s2,s2,C,3
1947,U0,s3,s3,C,3
1948,U0,s4,s4,D,3
1949,U0,s5,s5,A,3
1950,U0,s6,s6,C,3
1951,U0,s3,s3 Lab,B,2
1952,U0,s1,s1 Lab,A,2
1953,U0,iv,iv,C,2
1954,U1,s1,s1,C,3
1955,U1,s2,s2,C,3
1956,U1,s3,s3,D,3
1957,U1,s4,s4,D,3
1958,U1,s5,s5,D,3
1959,U1,s6,s6,D,3
1960,U1,s3,s3 Lab,B,2
1961,U1,s1,s1 Lab,A,2
1962,U1,iv,iv,O,2
1963,U2,s1,s1,C,3
1964,U2,s2,s2,C,3
1965,U2,s3,s3,D,3
1966,U2,s4,s4,D,3
1967,U2,s5,s5,B,3
1968,U2,s6,s6,B,3
1969,U2,s3,s3 Lab,B,2
1970,U2,s1,s1 Lab,A,2
1971,U2,iv,iv,O,2
1972,U3,s1,s1,F,0
1973,U3,s2,s2,F,0
1974,U3,s3,s3,F,0
1975,U3,s4,s4,F,0
1976,U3,s5,s5,F,0
1977,U3,s6,s6,F,0
1978,U3,s3,s3 Lab,AB,0
1979,U3,s1,s1 Lab,AB,0
1980,U3,iv,iv,D,2
1981,U4,s1,s1,C,3
1982,U4,s2,s2,D,3
1983,U4,s3,s3,D,3
1984,U4,s4,s4,D,3
1985,U4,s5,s5,C,3
1986,U4,s6,s6,C,3
1987,U4,s3,s3 Lab,B,2
1988,U4,s1,s1 Lab,B,2
1989,U4,iv,iv,O,2
1990,U5,s1,s1,C,3
1991,U5,s2,s2,D,3
1992,U5,s3,s3,D,3
1993,U5,s4,s4,D,3
1994,U5,s5,s5,F,0
1995,U5,s6,s6,D,3
1996,U5,s3,s3 Lab,B,2
1997,U5,s1,s1 Lab,B,2
1998,U5,iv,iv,B,2
1999,L01,s1,s1,C,3
2000,L01,s2,s2,D,3
2001,L01,s3,s3,D,3
2002,L01,s4,s4,D,3
2003,L01,s5,s5,F,0
2004,L01,s6,s6,D,3
2005,L01,s3,s3 Lab,C,2
2006,L01,s1,s1 Lab,A,2
2007,L01,iv,iv,B,2
2008,L03,s1,s1,C,3
2009,L03,s2,s2,D,3
2010,L03,s3,s3,F,0
2011,L03,s4,s4,D,3
2012,L03,s5,s5,F,0
2013,L03,s6,s6,D,3
2014,L03,s3,s3 Lab,B,2
2015,L03,s1,s1 Lab,A,2
2016,L03,iv,iv,A,2
2017,L04,s1,s1,D,3
2018,L04,s2,s2,D,3
2019,L04,s3,s3,C,3
2020,L04,s4,s4,D,3
2021,L04,s5,s5,D,3
2022,L04,s6,s6,D,3
2023,L04,s3,s3 Lab,B,2
2024,L04,s1,s1 Lab,A,2
2025,L04,iv,iv,O,2
2026,L06,s1,s1,B,3
2027,L06,s2,s2,D,3
2028,L06,s3,s3,F,0
2029,L06,s4,s4,D,3
2030,L06,s5,s5,C,3
2031,L06,s6,s6,C,3
2032,L06,s3,s3 Lab,A,2
2033,L06,s1,s1 Lab,A,2
2034,L06,iv,iv,O,2
2035,L08,s1,s1,B,3
2036,L08,s2,s2,C,3
2037,L08,s3,s3,D,3
2038,L08,s4,s4,C,3
2039,L08,s5,s5,C,3
2040,L08,s6,s6,D,3
2041,L08,s3,s3 Lab,C,2
2042,L08,s1,s1 Lab,A,2
2043,L08,iv,iv,O,2
2044,L11,s1,s1,B,3
2045,L11,s2,s2,C,3
2046,L11,s3,s3,F,0
2047,L11,s4,s4,C,3
2048,L11,s5,s5,F,0
2049,L11,s6,s6,F,0
2050,L11,s3,s3 Lab,C,2
2051,L11,s1,s1 Lab,A,2
2052,L11,iv,iv,O,2
2053,L14,s1,s1,C,3
2054,L14,s2,s2,B,3
2055,L14,s3,s3,D,3
2056,L14,s4,s4,C,3
2057,L14,s5,s5,D,3
2058,L14,s6,s6,C,3
2059,L14,s3,s3 Lab,B,2
2060,L14,s1,s1 Lab,A,2
2061,L14,iv,iv,O,2
2062,L15,s1,s1,C,3
2063,L15,s2,s2,D,3
2064,L15,s3,s3,D,3
2065,L15,s4,s4,D,3
2066,L15,s5,s5,F,0
2067,L15,s6,s6,D,3
2068,L15,s3,s3 Lab,B,2
2069,L15,s1,s1 Lab,O,2
2070,L15,iv,iv,F,0
2071,L22,s1,s1,D,3
2072,L22,s2,s2,D,3
2073,L22,s3,s3,D,3
2074,L22,s4,s4,D,3
2075,L22,s5,s5,F,0
2076,L22,s6,s6,C,3
2077,L22,s3,s3 Lab,B,2
2078,L22,s1,s1 Lab,O,2
2079,L22,iv,iv,C,2
2080,L23,s1,s1,A,3
2081,L23,s2,s2,C,3
2082,L23,s3,s3,D,3
2083,L23,s4,s4,C,3
2084,L23,s5,s5,D,3
2085,L23,s6,s6,C,3
2086,L23,s3,s3 Lab,A,2
2087,L23,s1,s1 Lab,O,2
2088,L23,iv,iv,C,2
2089,L24,s1,s1,C,3
2090,L24,s2,s2,D,3
2091,L24,s3,s3,F,0
2092,L24,s4,s4,D,3
2093,L24,s5,s5,F,0
2094,L24,s6,s6,C,3
2095,L24,s3,s3 Lab,B,2
2096,L24,s1,s1 Lab,O,2
2097,L24,iv,iv,O,2
2098,L25,s1,s1,B,3
2099,L25,s2,s2,C,3
2100,L25,s3,s3,B,3
2101,L25,s4,s4,B,3
2102,L25,s5,s5,C,3
2103,L25,s6,s6,C,3
2104,L25,s3,s3 Lab,B,2
2105,L25,s1,s1 Lab,O,2
2106,L25,iv,iv,O,2
2107,L26,s1,s1,AB,0
2108,L26,s2,s2,F,0
2109,L26,s3,s3,F,0
2110,L26,s4,s4,F,0
2111,L26,s5,s5,F,0
2112,L26,s6,s6,F,0
2113,L26,s3,s3 Lab,C,2
2114,L26,s1,s1 Lab,A,2
2115,L26,iv,iv,D,2
2116,L27,s1,s1,C,3
2117,L27,s2,s2,C,3
2118,L27,s3,s3,D,3
2119,L27,s4,s4,C,3
2120,L27,s5,s5,D,3
2121,L27,s6,s6,C,3
2122,L27,s3,s3 Lab,A,2
2123,L27,s1,s1 Lab,O,2
2124,L27,iv,iv,O,2
2125,L28,s1,s1,F,0
2126,L28,s2,s2,D,3
2127,L28,s3,s3,F,0
2128,L28,s4,s4,F,0
2129,L28,s5,s5,D,3
2130,L28,s6,s6,D,3
2131,L28,s3,s3 Lab,C,2
2132,L28,s1,s1 Lab,A,2
2133,L28,iv,iv,O,2
2134,L30,s1,s1,B,3
2135,L30,s2,s2,C,3
2136,L30,s3,s3,B,3
2137,L30,s4,s4,C,3
2138,L30,s5,s5,D,3
2139,L30,s6,s6,B,3
2140,L30,s3,s3 Lab,A,2
2141,L30,s1,s1 Lab,O,2
2142,L30,iv,iv,B,2
2143,L31,s1,s1,D,3
2144,L31,s2,s2,D,3
2145,L31,s3,s3,F,0
2146,L31,s4,s4,D,3
2147,L31,s5,s5,F,0
2148,L31,s6,s6,F,0
2149,L31,s3,s3 Lab,C,2
2150,L31,s1,s1 Lab,A,2
2151,L31,iv,iv,A,2
2152,L35,s1,s1,F,0
2153,L35,s2,s2,F,0
2154,L35,s3,s3,AB,0
2155,L35,s4,s4,F,0
2156,L35,s5,s5,AB,0
2157,L35,s6,s6,F,0
2158,L35,s3,s3 Lab,AB,0
2159,L35,s1,s1 Lab,AB,0
2160,L35,iv,iv,D,2
2161,L36,s1,s1,D,3
2162,L36,s2,s2,D,3
2163,L36,s3,s3,F,0
2164,L36,s4,s4,F,0
2165,L36,s5,s5,F,0
2166,L36,s6,s6,F,0
2167,L36,s3,s3 Lab,D,2
2168,L36,s1,s1 Lab,O,2
2169,L36,iv,iv,O,2
